{"train_accs": [48.906, 58.156, 59.812, 62.722, 63.034, 64.417, 64.847, 65.547, 66.185, 67.203, 67.726, 68.245, 69.175, 69.855, 70.526], "train_loss": [0.9972466883659363, 0.9020411480712891, 0.8788857625198364, 0.8316120271110534, 0.8215855781173707, 0.8046062328910828, 0.7931906576538086, 0.7807342372131347, 0.768352572517395, 0.7509515352630616, 0.7415491250038146, 0.734480351600647, 0.7165896211051941, 0.7086496690177917, 0.69366444480896], "val_accs": [47.3, 55.0, 56.4, 62.0, 61.4, 62.5, 62.4, 61.9, 63.2, 62.9, 63.9, 63.9, 64.6, 64.9, 65.8], "val_loss": [1.0093713006973266, 0.9362964239120484, 0.9073858504295349, 0.8715203685760498, 0.8650501756668091, 0.8355274596214295, 0.8287164425849914, 0.8289954490661621, 0.8177102661132812, 0.8199620699882507, 0.8030951662063599, 0.7979023995399475, 0.793395709991455, 0.7853165702819824, 0.7836659669876098], "num_params": 140603}