{"train_accs": [35.099, 43.142, 49.061, 54.838, 56.581, 57.957, 59.44, 60.189, 60.359, 61.283, 61.646, 61.95, 62.354, 62.389, 62.819], "train_loss": [1.0939262986755371, 1.0650985396575927, 1.005344701423645, 0.9553374421310424, 0.9301052064323425, 0.9070895739936828, 0.8817933810043335, 0.871704234905243, 0.8655368063735962, 0.853614091205597, 0.8494693410110473, 0.843847937450409, 0.8372829477119446, 0.8368535258674622, 0.8319118018531799], "val_accs": [34.1, 40.5, 48.7, 53.7, 54.4, 56.3, 57.5, 57.5, 58.4, 59.1, 59.4, 60.2, 60.4, 59.6, 59.8], "val_loss": [1.095257082939148, 1.072141487121582, 1.013004068851471, 0.9728808951377869, 0.9546861572265625, 0.9296071276664734, 0.9067166748046875, 0.902787474155426, 0.894750349521637, 0.8859197354316711, 0.8810659246444702, 0.8785882682800293, 0.8664946417808532, 0.8681806993484497, 0.8663024840354919], "num_params": 140603}