{"train_accs": [55.367, 59.455, 61.887, 64.366, 65.222, 66.175, 67.9, 68.682, 68.475, 70.908, 71.445, 72.307, 73.102, 74.216, 74.872], "train_loss": [0.9501172882843018, 0.8818968229866028, 0.8455447474861145, 0.8013670960617065, 0.7878174131774902, 0.7712298159408569, 0.736880325832367, 0.7287308589744568, 0.7264599613189697, 0.6875314812469483, 0.6804650121498108, 0.6630958380508423, 0.6445563434028625, 0.6300904570388794, 0.6190612268257141], "val_accs": [53.8, 56.8, 59.5, 62.2, 61.7, 63.6, 63.9, 64.2, 66.2, 66.0, 67.4, 66.3, 66.1, 66.7, 68.1], "val_loss": [0.9615899677276611, 0.9184568009376526, 0.8813938550949096, 0.8353176527023315, 0.8177818403244018, 0.8148074917793274, 0.7900619411468506, 0.7930450859069824, 0.785914077281952, 0.7591049108505249, 0.772080509185791, 0.7670370874404907, 0.7737613697052002, 0.7489486575126648, 0.7540199894905091], "num_params": 381203}