{"train_accs": [45.059, 55.117, 57.936, 60.26, 61.159, 61.364, 62.712, 63.558, 63.731, 65.11, 65.687, 66.214, 67.254, 67.38, 68.117], "train_loss": [1.0444754230880737, 0.9425707349967957, 0.9008065902328491, 0.8676161624336243, 0.8524867963790893, 0.8445544194221497, 0.8270796882629394, 0.8153842572212219, 0.8103220007324219, 0.7880613501167297, 0.7771510492134094, 0.7674595910644532, 0.7520272650146484, 0.7480933136177063, 0.7388448655891419], "val_accs": [44.5, 54.5, 57.5, 58.3, 58.7, 59.1, 61.3, 63.1, 62.5, 64.0, 65.0, 64.6, 65.3, 65.0, 65.9], "val_loss": [1.0556645030975342, 0.955746796131134, 0.9193356628417969, 0.8908365516662597, 0.8722948822975158, 0.867173005580902, 0.853389814376831, 0.8346412968635559, 0.8340179281234741, 0.8167086958885192, 0.8228364357948303, 0.8043819308280945, 0.7889548668861389, 0.7940986671447754, 0.7828108277320862], "num_params": 281603}