{"train_accs": [57.2, 61.116, 62.802, 66.831, 68.684, 69.897, 71.01, 72.404, 73.905, 75.194, 76.018, 77.455, 79.508, 80.047, 81.044], "train_loss": [0.9129446692276001, 0.8610359266281128, 0.8235132932853698, 0.757243614025116, 0.7288082290840149, 0.7105631519699097, 0.6839138173675537, 0.6585476831626892, 0.6378945986747742, 0.6004489566993714, 0.5925604745292664, 0.567964142742157, 0.5169708804702758, 0.5092701223182678, 0.49403208114624025], "val_accs": [55.8, 58.8, 59.1, 62.9, 64.0, 65.7, 65.6, 66.7, 67.6, 67.0, 68.1, 69.6, 69.4, 69.3, 69.3], "val_loss": [0.9384314737319946, 0.8866706781387329, 0.8636447143554687, 0.8137403120994567, 0.7977198882102966, 0.7774271039962769, 0.784771315574646, 0.7849455819129944, 0.7511756439208984, 0.7755072226524353, 0.7687436532974243, 0.7417060494422912, 0.7700961198806763, 0.7713070206642151, 0.7623557448387146], "num_params": 1703003}