{"train_accs": [50.263, 58.489, 60.035, 62.083, 61.467, 63.112, 64.252, 64.575, 66.245, 66.974, 67.648, 67.596, 68.888, 69.635, 69.254], "train_loss": [1.0018561095428467, 0.8880742546272278, 0.8649794827461242, 0.8306918420791626, 0.8442029061889649, 0.8149923844718933, 0.7969978155899048, 0.7838950344848633, 0.7649531924629211, 0.7518383035087586, 0.7377537942504883, 0.7415976820373535, 0.727433307685852, 0.7073019177436829, 0.7061843011665344], "val_accs": [47.6, 56.9, 59.1, 61.2, 59.5, 61.5, 62.3, 63.5, 65.0, 66.2, 66.1, 66.0, 66.0, 67.6, 66.5], "val_loss": [1.0085982255935668, 0.9053536367416382, 0.890563199043274, 0.8510531435012817, 0.8625593662261963, 0.8364664788246154, 0.8210913524627685, 0.8099856572151184, 0.7955166716575622, 0.7824288144111633, 0.7819623551368713, 0.7821638860702514, 0.7700070037841796, 0.768780062675476, 0.7700158529281617], "num_params": 1079003}