{"train_accs": [42.018, 43.659, 45.315, 51.63, 53.843, 55.113, 56.623, 57.289, 57.556, 58.494, 58.677, 59.005, 59.573, 59.479, 60.06], "train_loss": [1.07458284866333, 1.0600426959228515, 1.048167822418213, 0.9907964413642883, 0.970839328918457, 0.9505150333023071, 0.9224133429336547, 0.910719327659607, 0.9080663455581665, 0.8952034914779663, 0.8915507524490357, 0.88811201587677, 0.8800482813644409, 0.8793617831802368, 0.8719831840896607], "val_accs": [40.3, 43.1, 44.4, 51.6, 53.5, 55.3, 55.9, 57.2, 56.3, 58.0, 57.9, 58.3, 58.2, 57.9, 58.4], "val_loss": [1.0827698335647582, 1.0718484287261962, 1.0598782014846801, 1.0010069155693053, 0.9796919202804566, 0.9620512957572938, 0.9380900278091431, 0.9278286046981812, 0.9284338116645813, 0.9134135231971741, 0.9126058750152588, 0.9105378537178039, 0.9027449607849121, 0.9020715737342835, 0.8973404884338378], "num_params": 281603}