{"train_accs": [55.71, 60.037, 61.643, 64.195, 64.727, 66.11, 67.06, 67.864, 68.866, 70.246, 70.606, 71.746, 72.459, 72.965, 73.662], "train_loss": [0.9452167895698548, 0.87473496799469, 0.8516175732803345, 0.8048363424873352, 0.7933105110359192, 0.7715415308761596, 0.7535786537361145, 0.7368110712051391, 0.7239697409820557, 0.6950592205238342, 0.6907104962539673, 0.6754226607513427, 0.6584961894035339, 0.6514904530715943, 0.6368560078430175], "val_accs": [53.7, 57.9, 58.6, 62.7, 61.9, 62.9, 64.1, 64.1, 64.5, 65.6, 65.5, 66.5, 66.9, 66.1, 67.0], "val_loss": [0.9689392347335816, 0.9060675959587097, 0.8808327498435974, 0.8367463722229004, 0.8307811398506164, 0.8076139378547669, 0.7993213686943054, 0.7953709869384765, 0.7860825319290161, 0.7777763819694519, 0.773046685218811, 0.7613146300315857, 0.773928204536438, 0.7701312346458435, 0.7600485653877258], "num_params": 140603}