{"train_accs": [57.694, 61.911, 64.015, 67.29, 68.035, 69.445, 70.984, 71.968, 73.165, 74.721, 74.871, 76.258, 77.874, 78.188, 78.878, 80.072, 81.064, 81.536, 83.462, 83.869, 84.173, 85.215, 85.855, 86.614, 86.207, 88.73, 89.391, 89.174, 90.492, 90.717], "train_loss": [0.9080080020141602, 0.8436877505683898, 0.8061472214889527, 0.7519254322624207, 0.7360706917953491, 0.7140661045455933, 0.6837696474266052, 0.6649375172042846, 0.6518832670211792, 0.6144909698867798, 0.6139682511520386, 0.5904139083480835, 0.5525513490295411, 0.5449180467224121, 0.5305499075889587, 0.5009457950592041, 0.4827768590164185, 0.4793136650276184, 0.43111737359046937, 0.4219587672328949, 0.4240264266872406, 0.3886885303592682, 0.37594002263069154, 0.36552223841667175, 0.35851480863571167, 0.3121478087234497, 0.30496399875640867, 0.299614408788681, 0.2650053822994232, 0.2603233094453812], "val_accs": [56.5, 61.2, 61.8, 64.7, 64.8, 65.4, 66.0, 67.0, 67.3, 68.3, 69.7, 69.5, 69.5, 68.8, 70.0, 69.9, 69.1, 69.3, 70.6, 70.0, 70.5, 69.8, 70.4, 70.9, 71.5, 70.1, 69.8, 67.6, 70.0, 68.5], "val_loss": [0.9214225783348083, 0.8637725048065186, 0.8430853781700134, 0.789862356185913, 0.8025097031593322, 0.7672407040596009, 0.7669458737373352, 0.7570063138008117, 0.7455054454803467, 0.7434310450553894, 0.7286982612609864, 0.719644009590149, 0.7290950107574463, 0.7356027030944824, 0.744806122303009, 0.7522660818099975, 0.7548869223594665, 0.7448435831069946, 0.7824475536346436, 0.7411845293045044, 0.753787793636322, 0.8229884934425354, 0.8068443593978882, 0.8003450784683227, 0.8663613090515137, 0.8492294216156006, 0.8487525501251221, 0.9700279631614686, 0.9454885158538818, 0.9795075912475586], "num_params": 1303003}