{"train_accs": [57.551, 62.699, 63.324, 66.973, 68.008, 68.932, 71.292, 71.392, 73.091, 74.706, 73.81, 76.279, 78.038, 78.525, 79.639], "train_loss": [0.9072441592407227, 0.8332638916397095, 0.8128299872207642, 0.7565764896202087, 0.7353743539237976, 0.7230159874725341, 0.6803983488464356, 0.674543002243042, 0.6506479560852051, 0.6092373761177063, 0.6237364099693299, 0.5937297702407837, 0.5441957096099853, 0.5408921538925171, 0.5194756386756897], "val_accs": [56.4, 60.4, 60.2, 63.7, 63.8, 66.1, 66.6, 66.2, 65.7, 66.1, 67.2, 68.3, 68.1, 68.3, 67.8], "val_loss": [0.9333623156547547, 0.8580869107246399, 0.8401312265396118, 0.8020529003143311, 0.7894452977180481, 0.767895037651062, 0.7689033222198486, 0.7729314718246459, 0.7484680113792419, 0.7735762991905213, 0.7584282598495483, 0.7456055459976196, 0.7693251543045044, 0.778686002254486, 0.7695370001792907], "num_params": 1703003}