{"train_accs": [44.557, 54.15, 56.925, 59.264, 60.194, 60.636, 61.56, 62.188, 62.504, 63.209, 62.627, 63.518, 64.748, 65.324, 65.665], "train_loss": [1.047228953704834, 0.9637281886672974, 0.9163618171310425, 0.8834752152633667, 0.8692604264640809, 0.8596195078849792, 0.8451263077163697, 0.8352025232315063, 0.8306695327949524, 0.8170990599250794, 0.8250214577865601, 0.8117368310737609, 0.7948596870803833, 0.785007115058899, 0.7787733588981628], "val_accs": [43.5, 54.2, 55.6, 58.3, 58.2, 59.3, 61.0, 60.8, 59.6, 60.5, 60.2, 61.2, 63.5, 63.1, 62.1], "val_loss": [1.0594183416366578, 0.9824610786437988, 0.9366309671401978, 0.9132382020950317, 0.8956830425262451, 0.8863773770332336, 0.8724575009346008, 0.8614430675506591, 0.8541632833480834, 0.8378965940475464, 0.85273628282547, 0.8428935298919678, 0.8271509890556336, 0.823723539352417, 0.8164896545410156], "num_params": 115803}