{"train_accs": [48.845, 57.395, 59.728, 62.535, 62.958, 64.153, 65.029, 65.489, 66.155, 66.956, 67.852, 68.372, 69.347, 69.985, 70.42], "train_loss": [0.9973014896965027, 0.9114418052864075, 0.8799658848571777, 0.8321513195610046, 0.8240095791816712, 0.8059089097976685, 0.7898926507949829, 0.78009234500885, 0.7665071121215821, 0.7488861118507385, 0.7384804670715333, 0.7287448345565796, 0.7124199011611938, 0.7052754171562194, 0.6950936378669739], "val_accs": [47.3, 54.8, 57.1, 61.1, 59.9, 62.7, 62.6, 62.8, 63.2, 62.6, 64.1, 64.1, 66.9, 66.4, 66.2], "val_loss": [1.0094152803421022, 0.9406302981376647, 0.8984187273979187, 0.8599880533218384, 0.8552894186973572, 0.8280886669158936, 0.8176796197891235, 0.8210106649398804, 0.8078910579681396, 0.810606032371521, 0.7945789556503295, 0.7909372200965882, 0.7766797337532043, 0.7771566410064698, 0.7708203606605529], "num_params": 140603}