{"train_accs": [58.584, 62.033, 63.313, 67.31, 68.985, 70.304, 71.796, 72.755, 74.025, 75.893, 76.253, 77.706, 79.674, 80.795, 81.436], "train_loss": [0.8964959009933472, 0.847089690208435, 0.8158144575309754, 0.7494985218429565, 0.7229901881217956, 0.706950655822754, 0.6704415281486511, 0.651706459903717, 0.6335534620475769, 0.5870513480758667, 0.5873979073905945, 0.5642549827957153, 0.5117988101577758, 0.49406065227508544, 0.48124714504241944], "val_accs": [57.1, 60.1, 61.4, 64.2, 64.9, 67.7, 67.5, 67.4, 68.3, 67.5, 68.6, 68.5, 69.6, 68.1, 67.0], "val_loss": [0.9213455653190613, 0.8691627163887023, 0.8463761043548584, 0.8003526930809021, 0.7902739310264587, 0.7722924904823303, 0.7690713753700257, 0.7749271221160888, 0.7515248970985413, 0.7950744457244873, 0.7702464776039124, 0.7639227781295777, 0.7814143743515015, 0.7819901876449585, 0.8070418047904968], "num_params": 1703003}