{"train_accs": [57.958, 62.346, 63.434, 66.208, 67.073, 68.028, 69.969, 70.482, 71.341, 72.919, 72.941, 73.758, 75.305, 75.71, 76.766], "train_loss": [0.907200227470398, 0.8360867168807984, 0.8109996601676941, 0.7649565426254272, 0.7485755708122254, 0.7337587149047852, 0.7016938775825501, 0.6914732450485229, 0.6810282622337341, 0.6410575013160705, 0.6433344011116028, 0.6415486194229126, 0.5956636269187927, 0.5961209923553467, 0.5791716243934631], "val_accs": [57.1, 61.0, 61.2, 62.1, 63.7, 65.1, 64.0, 64.7, 65.5, 65.9, 65.5, 65.4, 66.9, 67.1, 66.3], "val_loss": [0.9283818683624268, 0.8552393941879273, 0.8300795049667359, 0.8021653718948364, 0.7863975672721862, 0.774014087677002, 0.7739028453826904, 0.7734328804016113, 0.755396776676178, 0.7652828211784363, 0.7643746638298035, 0.7625007839202881, 0.7842367687225342, 0.7850902462005616, 0.7785625452995301], "num_params": 1703003}