{"train_accs": [52.837, 58.438, 60.228, 62.512, 63.754, 64.641, 65.949, 67.347, 68.103, 68.732, 69.514, 70.192, 71.154, 71.757, 72.591], "train_loss": [0.9788310374450684, 0.8947683778381348, 0.866266477985382, 0.8290439477920533, 0.8122244041252136, 0.795058549041748, 0.7758840978431701, 0.7510097685623169, 0.7389933355140686, 0.7286868564224244, 0.7147318334579468, 0.699038117351532, 0.6802724264526367, 0.6692714459037781, 0.6590431385040283], "val_accs": [51.9, 56.9, 59.2, 61.5, 62.8, 62.6, 62.4, 65.7, 65.2, 66.2, 66.8, 67.0, 67.6, 67.7, 69.3], "val_loss": [0.9862136659622193, 0.9141431460380555, 0.887131245136261, 0.8498027224540711, 0.8300329918861389, 0.8216395678520203, 0.8147742528915405, 0.7801427712440491, 0.7744303426742554, 0.7595252504348755, 0.7660040287971497, 0.7484055342674255, 0.7372503447532653, 0.733388747215271, 0.7220152130126953], "num_params": 281603}