{"train_accs": [42.31, 46.96, 50.676, 55.502, 57.569, 58.938, 60.243, 60.637, 60.617, 61.654, 61.817, 62.064, 62.701, 62.81, 62.791], "train_loss": [1.0695615155029297, 1.0323295798110963, 0.9901314700317383, 0.9383767845535278, 0.9069466410446168, 0.8880649165153504, 0.8681063047790527, 0.8617346296691895, 0.8617774928474426, 0.8479479689216614, 0.844369384803772, 0.8421798950004578, 0.8309683566474915, 0.8278920687675476, 0.8252454051399231], "val_accs": [40.0, 44.9, 50.4, 55.5, 55.8, 58.0, 59.3, 58.9, 59.6, 59.8, 59.7, 60.5, 61.0, 61.7, 60.9], "val_loss": [1.0798614053726197, 1.047867784500122, 1.0011578006744384, 0.9482655973434448, 0.9234894094467163, 0.9067198777198792, 0.8892006702423095, 0.8811391730308533, 0.8882357959747315, 0.8704004144668579, 0.8656834087371826, 0.8644089803695679, 0.8577288346290588, 0.8521535444259644, 0.852592972278595], "num_params": 51653}