{"train_accs": [58.36, 62.454, 64.074, 67.553, 68.717, 69.757, 71.582, 71.59, 73.226, 75.004, 74.227, 76.49, 78.164, 78.261, 79.358], "train_loss": [0.9047887032890319, 0.8335500319290161, 0.8000496410942077, 0.748029160118103, 0.725536785850525, 0.7104979180145263, 0.6732704298591614, 0.6680985000228882, 0.6476484635734558, 0.6091874518203735, 0.6207229361724853, 0.58581544921875, 0.5453730126571655, 0.5416807568740845, 0.5249220694065094], "val_accs": [58.5, 61.6, 62.0, 65.3, 65.4, 65.9, 66.5, 66.0, 67.7, 67.5, 69.3, 68.0, 69.5, 69.2, 69.4], "val_loss": [0.9190425353050232, 0.8536281337738038, 0.834638120174408, 0.7883405466079711, 0.7978850708007813, 0.7686241178512573, 0.7657422828674316, 0.7697084393501282, 0.7470039944648743, 0.7559795837402343, 0.7547385473251342, 0.7485546565055847, 0.7553612484931945, 0.7482733569145202, 0.7539654302597046], "num_params": 1303003}