{"train_accs": [52.256, 57.16, 59.766, 61.816, 61.577, 62.55, 65.615, 66.304, 67.138, 68.108, 68.788, 68.749, 69.985, 70.759, 70.986], "train_loss": [0.9788368600082398, 0.9121678327751159, 0.8713641550827026, 0.8387527218818664, 0.84190538438797, 0.8299115785598755, 0.780248278465271, 0.76759516954422, 0.7516099886703491, 0.7371356475448608, 0.7250468142509461, 0.7258095253562927, 0.7043671964073182, 0.6877738806915283, 0.6824138952255249], "val_accs": [50.8, 56.9, 59.4, 59.3, 59.6, 60.9, 64.7, 64.8, 65.2, 66.0, 67.1, 66.4, 67.8, 68.7, 67.6], "val_loss": [0.9872797937393188, 0.9238029146194457, 0.8889809575080871, 0.8632483019828796, 0.870311152935028, 0.8440251531600952, 0.807361207485199, 0.8039169106483459, 0.7841254677772522, 0.771128321647644, 0.7631312208175659, 0.7557274808883667, 0.7496857151985169, 0.736241753578186, 0.7356965131759644], "num_params": 1079003}