{"train_accs": [54.572, 59.399, 60.95, 63.3, 63.558, 65.052, 67.194, 67.963, 69.005, 70.028, 70.933, 70.867, 72.372, 73.015, 73.439], "train_loss": [0.9487761688423156, 0.8750496213150024, 0.8441895255851746, 0.8103427060317994, 0.807811199684143, 0.7862464075851441, 0.7533864036750794, 0.7347280164909363, 0.7186160728645324, 0.6990498750877381, 0.6833492755889893, 0.6823960708999633, 0.6582896231460571, 0.6444731331062317, 0.6330952942848206], "val_accs": [52.5, 58.7, 59.2, 60.7, 61.2, 64.5, 65.1, 66.4, 65.7, 67.1, 67.6, 67.2, 69.2, 68.1, 68.5], "val_loss": [0.9586123385429383, 0.8886803064346314, 0.8717588696479798, 0.8445356345176697, 0.8417572989463806, 0.8122867870330811, 0.7906913652420043, 0.7670314674377441, 0.7618679103851318, 0.7432940406799317, 0.742953450679779, 0.7408372097015381, 0.7175047965049743, 0.7253859124183655, 0.7216649808883667], "num_params": 1079003}