{"train_accs": [44.061, 52.574, 57.371, 60.512, 61.119, 61.926, 62.881, 62.788, 63.54, 64.218, 64.531, 64.747, 65.586, 65.609, 65.761], "train_loss": [1.0704013858795165, 0.9773673208999634, 0.9157556557846069, 0.8630016804313659, 0.8533094677352905, 0.8445256475830079, 0.8271804286003113, 0.8239396368408203, 0.8158776240158081, 0.801986568145752, 0.8017040418624878, 0.7975209762763977, 0.7785476289176941, 0.7788014974594116, 0.7727840210533142], "val_accs": [43.9, 52.6, 55.7, 59.8, 59.8, 60.0, 61.6, 62.3, 60.7, 62.0, 61.8, 62.5, 63.6, 63.2, 63.9], "val_loss": [1.0787915925979614, 0.9864263873100281, 0.9336683759689332, 0.8802215738296508, 0.8807824563980102, 0.8764374566078186, 0.8567343735694886, 0.8493410425186158, 0.8498556323051453, 0.8358378772735595, 0.8318506379127503, 0.8304796032905578, 0.8181471490859985, 0.8187478361129761, 0.8184609003067017], "num_params": 57803}