{"train_accs": [56.102, 59.687, 61.332, 64.3, 65.58, 66.556, 68.388, 69.416, 70.33, 71.649, 72.827, 72.949, 74.103, 74.83, 75.342, 76.518, 76.8, 77.743, 78.539, 79.435, 79.924, 80.65, 81.332, 82.714, 83.539, 84.128, 84.396, 86.171, 86.731, 86.874], "train_loss": [0.9301500419807434, 0.8686178172111512, 0.8394343210983276, 0.7994515867996216, 0.7819891816711426, 0.7613905144119263, 0.7334138868331909, 0.7107183505630493, 0.6944421025276184, 0.6696750947761536, 0.651032994441986, 0.6453914661026001, 0.6245725222396851, 0.6096761315536499, 0.5985151627540588, 0.5740119671440125, 0.5668595358276367, 0.5506137822341919, 0.5315321933174133, 0.5134403618621827, 0.510216561870575, 0.4866710594367981, 0.4665617619895935, 0.44789153023719785, 0.42364986988067627, 0.4154886893558502, 0.40355333846092223, 0.3638697383880615, 0.34998541189193727, 0.35004297446250915], "val_accs": [56.0, 59.5, 61.5, 62.1, 63.3, 65.8, 66.5, 66.5, 67.9, 68.5, 68.9, 70.2, 68.1, 68.2, 70.0, 69.0, 69.7, 70.3, 70.9, 71.1, 72.0, 71.9, 72.1, 71.5, 69.4, 71.7, 71.1, 70.9, 71.9, 71.1], "val_loss": [0.9431453356742859, 0.8851165909767151, 0.8658138160705566, 0.8305897307395935, 0.8064740133285523, 0.7911056756973267, 0.7818268241882325, 0.7487350049018859, 0.7467603850364685, 0.7244319887161255, 0.7201654481887817, 0.7071945128440857, 0.7138745384216308, 0.7014181761741638, 0.7069569115638733, 0.7084242424964905, 0.6946240258216858, 0.6942667593955993, 0.7202009296417237, 0.691899534702301, 0.6810693001747131, 0.7081952996253967, 0.7173336644172669, 0.6911929659843444, 0.7442446227073669, 0.7386230797767639, 0.7214361977577209, 0.7600997924804688, 0.7437068290710449, 0.7515977935791016], "num_params": 1079003}