{"train_accs": [55.541, 59.949, 61.421, 64.549, 65.436, 66.425, 68.528, 69.378, 70.328, 71.414, 72.58, 72.771, 73.9, 74.867, 75.254], "train_loss": [0.934807611579895, 0.8679608642578125, 0.8404977635002137, 0.7963124146652222, 0.7850795684051514, 0.7658256216239929, 0.7292547866439819, 0.7119100365829468, 0.6953139063644409, 0.6755949434089661, 0.6546849622154236, 0.6484422340011596, 0.6269914697265625, 0.610087218952179, 0.5985493470001221], "val_accs": [54.2, 58.8, 59.9, 62.9, 64.0, 65.6, 66.6, 66.1, 66.7, 68.4, 68.4, 68.0, 67.8, 68.8, 69.1], "val_loss": [0.948469530582428, 0.8847848749160767, 0.8626771869659424, 0.8170453615188599, 0.8101388983726502, 0.7846279993057251, 0.7753147220611573, 0.7561741156578063, 0.748717487335205, 0.7294612154960632, 0.7251498508453369, 0.7151899685859681, 0.7173683781623841, 0.7144135298728943, 0.701242708683014], "num_params": 1079003}