{"train_accs": [56.312, 60.852, 62.749, 65.932, 67.727, 69.102, 71.316, 71.836, 73.26, 74.608, 74.891, 76.636, 77.752, 79.229, 80.641], "train_loss": [0.9254786282348633, 0.8676330296707153, 0.8258834553527832, 0.7685016363525391, 0.741425115146637, 0.7222907685089112, 0.6820425125312806, 0.6710465606307984, 0.647609473361969, 0.6140924213218689, 0.6117414426040649, 0.5840004347038269, 0.549784451084137, 0.5286959396743774, 0.5089776420402526], "val_accs": [56.4, 58.3, 59.9, 62.5, 63.9, 66.8, 65.9, 66.0, 67.6, 67.2, 66.4, 66.8, 68.3, 68.5, 68.8], "val_loss": [0.9434332060813904, 0.8935010418891907, 0.8585856127738952, 0.8205645151138306, 0.7950951685905456, 0.7699769468307495, 0.7703432750701904, 0.7708823156356811, 0.7496195745468139, 0.774662847995758, 0.7776272573471069, 0.767113377571106, 0.7768603978157044, 0.7806007556915283, 0.7751960597038269], "num_params": 1703003}