{"train_accs": [53.338, 56.368, 58.149, 60.202, 61.187, 61.66, 62.715, 63.691, 64.564, 65.598, 65.926, 65.195, 67.169, 67.557, 67.612], "train_loss": [0.9626176780319214, 0.9231179279708862, 0.8879725651359558, 0.8563993464660644, 0.8427646099662781, 0.84043716173172, 0.8182587961006165, 0.806768030052185, 0.7944140498733521, 0.7763166379737854, 0.7664231405258178, 0.7817222117233277, 0.7447758901596069, 0.7391313150978088, 0.7388534490585327], "val_accs": [53.6, 56.0, 54.5, 56.6, 57.0, 57.0, 59.4, 59.6, 59.8, 59.5, 60.6, 60.1, 61.0, 61.7, 61.7], "val_loss": [0.9690764598846435, 0.9269673304557801, 0.9093047351837158, 0.8950870170593261, 0.8896925458908082, 0.8872643218040467, 0.8669268798828125, 0.8697002267837525, 0.8578922276496888, 0.8467724633216858, 0.8506858386993408, 0.8654261102676392, 0.8410728740692138, 0.8451828174591064, 0.8406547112464905], "num_params": 903003}