{"train_accs": [44.524, 55.114, 57.635, 60.077, 60.893, 61.135, 62.433, 63.137, 63.403, 65.174, 65.752, 66.126, 67.486, 67.666, 68.295], "train_loss": [1.0451312314224244, 0.9499274963378906, 0.904484334602356, 0.8716748391342163, 0.8577802384757995, 0.8514639901351929, 0.8342196098136901, 0.8198653720092773, 0.816391877708435, 0.7883338011169434, 0.7762055633354187, 0.7696758470726013, 0.7508977910995484, 0.7451433511734009, 0.7386390297698975], "val_accs": [43.4, 52.7, 57.6, 58.0, 59.1, 59.5, 59.8, 61.5, 60.1, 63.2, 64.2, 63.5, 63.9, 64.3, 65.5], "val_loss": [1.054745584487915, 0.9632323017120361, 0.9255257134437561, 0.894584698677063, 0.8789645943641663, 0.8731256952285766, 0.8613541569709778, 0.8442947325706482, 0.8482606663703919, 0.8161412172317505, 0.8189509286880493, 0.8081818060874939, 0.7866837024688721, 0.7882335839271546, 0.7774574990272523], "num_params": 281603}